,group_encoded
969,0
5429,1
4084,2
5516,1
5987,1
4296,0
3732,2
2298,0
5243,1
5328,1
2949,2
4880,2
1499,0
2133,2
252,0
3805,2
4454,0
6869,1
4741,0
3168,2
2706,2
4671,0
4329,2
5039,1
3624,2
5070,1
6755,1
3366,0
641,2
5653,1
6805,1
3263,0
297,2
303,0
6601,1
3193,2
5978,1
3408,0
6492,1
2977,2
655,0
1557,0
4370,0
3994,2
240,0
783,2
1354,2
1018,0
3439,2
977,0
809,0
6598,1
2239,2
257,0
893,0
3096,2
2302,0
2338,0
4984,0
1643,0
6552,1
5001,1
2899,0
6477,1
1357,0
6501,1
1978,2
3649,2
4925,0
2375,1
3583,2
4467,2
3027,0
4315,2
3187,1
3870,1
2405,0
4077,0
4888,1
3882,2
2318,2
3518,1
4343,2
1092,0
4808,2
124,0
4890,0
5810,1
6726,1
6487,1
4909,0
4966,2
4651,2
3592,0
598,2
75,0
1339,2
1416,1
1533,2
2119,2
3955,0
4003,2
2716,0
149,0
2882,0
3765,0
453,2
6643,1
1871,0
6853,1
808,0
2498,0
3221,0
3667,0
1554,2
1119,0
4989,0
810,2
1129,0
834,0
4634,2
5296,1
6586,1
3534,2
1235,0
1225,2
1665,2
5638,1
4283,2
4629,0
5220,1
1656,2
4823,2
3090,2
1027,0
6549,1
2124,2
349,0
452,0
662,0
172,0
1405,2
1543,0
4450,0
422,0
1869,2
6871,1
881,2
4306,2
1253,1
3759,0
6073,1
2633,2
3968,1
6417,1
2481,0
102,0
2284,2
4207,2
6532,1
4458,0
3612,2
6018,1
3341,0
3024,2
4180,0
5079,1
135,0
1965,0
3651,0
3849,2
6193,1
4593,1
3454,2
2283,2
3475,0
3450,2
4230,0
6381,1
2053,0
807,1
462,2
879,0
5606,1
2728,2
5183,1
2666,0
2522,1
799,0
354,2
5489,1
1073,1
6233,1
5439,1
144,2
380,2
1340,2
2306,2
4258,2
121,1
1979,1
1360,2
418,1
3483,2
5426,1
1514,1
4086,0
2208,2
2069,2
1945,2
555,2
1912,0
6619,1
3213,0
1485,2
4907,2
1272,2
6452,1
1411,2
4674,2
6289,1
1471,2
2184,0
5543,1
1864,2
5826,1
4030,0
5582,1
5009,1
2252,2
2755,1
6466,1
4035,2
4898,2
3125,0
6471,1
6385,1
1268,2
414,0
4080,0
2404,2
654,2
1670,2
5144,1
2970,0
2662,1
6455,1
3395,2
773,0
2351,2
589,2
6729,1
2683,0
3323,2
5947,1
4387,2
2646,2
701,0
4275,2
4394,2
4677,2
677,2
2627,0
4617,0
6475,1
4048,0
3915,0
693,0
1513,0
2031,0
5968,1
6052,1
110,0
6723,1
2860,0
3047,2
5926,1
3194,2
3685,0
856,2
3554,2
4525,0
2571,0
2413,2
2622,2
4840,2
1876,0
3078,2
3838,2
5909,1
4914,1
2942,0
1468,2
5066,1
6765,1
3405,0
5081,1
2804,2
107,2
29,0
3218,0
2107,0
2585,2
4279,2
751,0
3044,2
584,2
1220,1
2829,2
4393,2
4938,2
6426,1
548,0
5330,1
2310,1
6404,1
5193,1
2206,2
6635,1
6738,1
4837,2
1918,0
344,2
4233,0
5747,1
1575,0
1859,2
6458,1
2926,2
4456,2
5830,1
4965,2
5867,1
90,2
2457,0
4248,2
1916,0
5010,1
2486,2
624,2
69,0
889,2
4787,2
5223,1
6316,1
4534,2
6808,1
5668,1
947,0
877,0
3358,0
6429,1
293,0
3114,2
1872,0
445,0
4512,2
1921,2
6878,1
6825,1
5074,1
4586,2
4215,2
4081,2
4575,0
4951,0
4920,1
4814,2
367,0
5886,1
6371,1
2664,0
5804,1
3313,2
1894,0
6312,1
3575,2
5538,1
3149,1
3400,0
1775,0
4857,0
4382,2
2885,2
1803,0
1186,0
2842,0
4983,2
2687,0
2763,2
5570,1
6739,1
151,2
3862,2
1033,0
1383,2
915,0
1305,2
4706,2
5853,1
4874,0
509,0
2398,0
4932,0
3978,0
4176,2
1941,2
6003,1
748,1
2173,2
3903,2
1801,2
1310,0
1611,0
1839,0
911,2
6491,1
6196,1
2271,0
3796,0
4985,0
2572,1
6406,1
471,0
6802,1
6020,1
5799,1
4500,1
6502,1
3658,2
896,0
5213,1
4190,0
1773,0
6033,1
251,2
1209,2
5865,1
3721,2
2820,0
6792,1
5652,1
1128,1
2775,0
5613,1
1593,2
5402,1
3825,2
57,2
1699,2
1322,0
176,1
3058,2
5474,1
2876,2
6844,1
5612,1
292,0
1142,2
3337,1
3143,0
183,0
1170,2
3438,0
2505,0
4554,1
4239,2
4438,0
1086,0
3080,2
4848,1
1172,0
2862,2
6507,1
2937,2
4922,0
2057,2
4359,1
5818,1
3824,0
2229,2
2347,2
2991,0
613,0
3792,0
2807,0
2510,0
6550,1
1430,0
3927,0
1748,2
6207,1
505,0
415,2
1893,0
272,1
2825,2
1706,0
2846,2
6658,1
4093,2
2227,0
5756,1
4714,0
106,0
1344,2
6663,1
3753,0
5165,1
2833,2
4894,2
952,2
2045,0
4877,0
2022,2
1504,1
5234,1
6850,1
4339,2
2304,0
6831,1
1121,0
3662,2
5329,1
3126,0
1024,1
6050,1
2868,2
3016,0
2519,0
5931,1
416,0
6054,1
6120,1
3813,2
3209,1
564,0
478,2
2357,0
5023,1
1203,2
1224,0
142,0
3699,2
5448,1
5887,1
5482,1
2189,0
6865,1
2873,0
605,1
1194,0
4963,2
2094,0
5205,1
4538,2
1756,0
497,2
5996,1
2893,2
6769,1
3362,0
6555,1
2138,2
721,2
6727,1
1025,0
5007,1
1295,0
3379,2
1496,2
2272,0
1520,2
6582,1
4383,0
2002,1
2550,0
5673,1
2887,0
5157,1
5548,1
5012,1
1302,0
108,2
1754,0
1351,2
6158,1
6704,1
2957,1
6799,1
3494,2
4141,2
931,0
336,0
6034,1
2688,2
5113,1
6846,1
1649,2
937,0
5920,1
1580,0
2705,0
387,0
3800,0
2778,0
3437,2
2470,1
3487,0
724,2
765,0
286,2
5939,1
3626,2
4347,2
307,0
4570,0
1860,1
5558,1
5689,1
2781,0
5360,1
2447,0
5252,1
6238,1
1791,2
6348,1
2117,0
1634,2
6710,1
4836,2
5840,1
184,0
2576,0
71,0
4072,0
711,2
421,2
1020,2
3001,2
4449,2
6740,1
737,2
2423,2
1260,0
1666,2
4189,0
6365,1
2997,0
3268,2
2303,0
6638,1
6559,1
2902,0
2087,0
1210,0
1695,2
4401,2
6468,1
1095,0
3964,0
6177,1
4578,0
1630,0
6059,1
1881,2
3326,0
4606,0
1612,2
978,2
2963,0
4884,0
5372,1
848,2
2799,0
2939,0
6309,1
2077,0
47,0
6874,1
1350,2
3971,0
446,2
1743,2
3956,0
6653,1
4012,0
6484,1
3425,2
4398,2
1294,2
5706,1
5545,1
6431,1
4917,2
4101,0
1112,2
776,0
6509,1
4672,2
2821,0
2301,2
4633,2
5492,1
1851,2
1963,2
3246,2
3767,2
6837,1
485,0
3570,2
5277,1
30,0
1879,0
2223,0
4960,2
3492,0
4697,2
3166,0
636,2
6032,1
2287,2
1083,0
861,1
3012,2
903,2
2732,0
109,2
4091,0
4974,2
2432,0
2251,2
5781,1
2166,0
3710,2
1831,1
6234,1
782,0
6728,1
6842,1
5696,1
6669,1
1825,0
1094,2
5762,1
2986,0
5121,1
4169,2
2476,0
5026,1
1654,0
5640,1
5273,1
2268,2
5785,1
4817,0
4731,0
6818,1
3807,1
4174,1
6682,1
2484,0
1204,0
2540,2
5527,1
6364,1
6691,1
6851,1
1770,1
829,2
3786,1
6832,1
627,2
3980,2
925,2
295,0
1052,2
2399,0
3544,2
4365,0
944,0
5476,1
5711,1
12,2
1117,0
5013,1
3424,2
3590,0
1319,2
3781,2
6734,1
6297,1
4058,2
4819,0
3049,0
653,2
2389,0
5057,1
6705,1
4832,1
6721,1
4774,2
3912,2
5231,1
4828,2
4773,0
570,2
1448,2
4184,0
3252,1
1745,2
3298,0
287,0
1738,2
5974,1
3975,1
5312,1
4096,2
2715,2
6254,1
1684,2
4478,2
1338,2
3458,0
6124,1
2874,2
5337,1
5263,1
4160,2
2932,1
2402,0
3484,2
1564,0
5255,1
6480,1
5733,1
2185,1
4758,0
1231,2
4319,1
1258,2
1951,1
6399,1
113,2
5842,1
5038,1
4256,1
507,2
3399,2
3032,0
2618,0
2418,0
3269,0
3929,0
350,0
4022,2
3396,2
4523,2
1114,2
4923,0
298,2
5493,1
5465,1
6852,1
5245,1
5621,1
2815,2
229,2
6123,1
2758,2
4767,0
6759,1
5925,1
2103,2
5416,1
2569,2
4284,1
4591,2
1614,0
607,2
2859,2
1093,0
6683,1
6768,1
6538,1
203,1
2742,0
3794,0
837,0
4122,2
1230,2
6403,1
1609,0
5941,1
6564,1
5690,1
6043,1
5284,1
6699,1
2388,2
5250,1
2345,2
6087,1
657,2
790,2
2299,0
4168,2
1359,2
5049,1
4660,0
4800,2
5224,1
6012,1
2603,0
5717,1
5261,1
3100,0
6317,1
1780,2
6618,1
803,1
857,0
6327,1
3248,1
5430,1
219,0
1288,2
582,2
43,2
1234,0
2549,0
6667,1
1892,0
6025,1
3752,2
5695,1
1071,1
718,2
1505,1
670,2
5508,1
5045,1
897,2
5542,1
3892,2
3931,2
4060,2
5498,1
2921,0
2704,2
6093,1
5896,1
6645,1
1874,0
1769,0
5003,1
2850,0
1983,2
531,0
4071,2
2900,0
2163,2
731,2
2339,0
5533,1
2232,1
3795,2
3551,2
1255,2
2104,0
3355,0
3480,2
898,2
428,2
4750,2
4172,1
5389,1
6876,1
1222,2
4041,2
4949,2
3809,1
4100,0
1096,0
2072,0
6218,1
4622,2
5808,1
1788,0
4990,0
5362,1
528,2
5214,1
192,1
5843,1
1126,2
5325,1
2534,0
2582,0
304,0
2644,2
1292,0
70,0
2647,0
3731,1
2509,0
831,0
2954,0
1456,0
5433,1
238,0
92,2
2579,1
3346,0
6607,1
5786,1
2722,0
3207,0
4318,1
1001,0
3098,2
6602,1
2377,2
6337,1
2673,0
5681,1
1532,2
4161,2
411,1
2677,0
6609,1
6359,1
5059,1
3535,0
4280,0
2718,2
6280,1
5244,1
2526,2
633,0
498,2
4715,0
637,2
720,0
6099,1
757,2
2440,2
6023,1
3951,0
4775,2
3703,0
596,0
5453,1
1068,0
1942,2
1647,2
2944,2
1700,2
5522,1
4834,2
86,0
2308,0
2594,0
4862,2
1029,2
2934,2
3717,0
2144,1
4304,0
1200,0
2025,2
621,2
6260,1
566,2
1837,0
1334,1
2879,0
6551,1
2099,2
2843,2
4013,0
5659,1
1688,2
745,0
5950,1
5216,1
2187,0
195,2
4087,2
2542,0
4531,0
802,2
4209,2
2350,0
4447,2
2068,2
5317,1
644,2
6085,1
5411,1
2992,0
4776,2
120,0
1777,0
4323,2
5532,1
2135,2
4550,0
4527,0
134,2
6079,1
6418,1
4503,2
62,0
4486,0
5992,1
3347,1
3226,2
3614,1
679,0
4912,0
741,2
1211,0
2170,0
5994,1
4698,0
567,0
1873,1
3159,2
1717,0
1392,2
5168,1
2707,0
489,0
3852,2
690,0
3237,0
602,2
1911,2
4727,2
6264,1
4871,2
6544,1
2366,0
1187,0
274,2
6637,1
1361,0
6324,1
1526,0
3488,2
4436,2
4708,2
5899,1
3076,0
6473,1
4015,2
945,2
5440,1
2250,0
5395,1
3334,0
6191,1
2346,2
68,0
5041,1
6788,1
1598,0
5666,1
5370,1
6581,1
1503,0
5335,1
150,2
2726,2
2086,0
6274,1
2259,0
5890,1
2886,2
5307,1
6090,1
859,2
2592,2
2609,0
4121,1
4059,0
366,2
1432,2
4815,2
1779,0
6169,1
3129,2
1818,0
6630,1
841,0
1189,1
175,2
5660,1
617,0
2093,2
2840,2
5218,1
4316,0
1030,0
3035,0
300,0
1472,0
283,0
2028,1
4901,2
4991,0
5461,1
1813,2
1271,2
4216,1
3921,0
5033,1
2313,0
2008,2
4517,0
5782,1
6272,1
3639,0
3305,0
6027,1
99,2
3947,0
744,2
6369,1
480,2
6342,1
6690,1
5324,1
1157,0
1437,2
2414,2
4002,0
402,2
2195,2
949,0
4441,2
2067,0
3107,2
4810,0
668,0
218,0
1962,0
4870,2
4607,2
2213,2
3904,0
2697,2
4604,2
4881,2
2145,2
777,2
2434,2
5300,1
5807,1
4166,0
1491,2
6864,1
4056,0
3290,2
5151,1
6434,1
517,2
2925,2
5400,1
4958,2
4712,2
6708,1
3208,0
4051,0
568,2
360,0
6764,1
3123,2
6577,1
759,2
3442,2
6470,1
5589,1
5302,1
214,0
6010,1
3946,2
3102,0
4162,2
2699,2
3025,2
4043,0
2244,0
725,0
4367,0
49,0
6246,1
887,2
6022,1
4743,0
6217,1
516,0
2881,0
139,2
6428,1
5281,1
3256,2
5112,1
463,0
5809,1
1233,0
594,0
450,1
3611,0
3089,0
3386,2
312,0
5568,1
4152,2
4631,0
451,1
5561,1
890,2
5973,1
1506,2
4105,0
6441,1
999,0
389,0
2330,0
1476,2
2240,2
6188,1
6567,1
5744,1
5806,1
1923,2
758,2
3758,0
6024,1
1293,2
6069,1
5760,1
3139,0
1907,0
6526,1
4772,0
368,2
1937,2
1151,0
4362,2
5547,1
6778,1
191,0
4374,2
4428,2
174,0
1903,0
1099,2
4559,2
3905,2
2292,0
5995,1
6701,1
3780,2
6486,1
1164,1
4630,0
3861,0
4110,2
6474,1
5274,1
1661,0
508,1
166,0
3109,2
4728,1
3034,0
4638,2
103,0
4918,0
4165,2
3023,2
4977,2
5410,1
1752,2
6147,1
3634,0
1658,0
152,2
3470,0
2483,2
1583,0
2552,0
3286,2
2916,2
3606,2
5054,1
5790,1
2209,0
3543,2
4140,2
1822,2
6063,1
4127,2
4355,0
309,0
212,2
3265,1
5412,1
3671,0
495,2
205,1
1434,2
1135,0
2584,2
868,0
3937,0
305,2
1849,0
3203,0
1988,0
2798,2
3680,0
1534,2
843,2
1987,2
6758,1
5911,1
3406,2
383,2
1538,1
211,0
1957,0
6569,1
2438,0
2727,0
3128,0
3630,1
1349,2
4303,2
2865,2
6134,1
680,2
180,2
6556,1
2985,2
6786,1
278,2
2851,0
3898,0
2480,0
289,0
4272,2
5170,1
993,1
2236,0
6647,1
39,2
4855,0
2754,2
5519,1
6132,1
270,0
2883,2
5629,1
5678,1
5349,1
111,0
1391,1
2600,2
220,0
6165,1
4690,0
4338,0
83,2
873,0
6380,1
4292,0
461,0
6614,1
551,2
4532,2
2374,2
5787,1
2246,2
6481,1
3706,1
2450,2
2329,0
5774,1
2146,2
6162,1
5340,1
6074,1
650,2
708,0
5885,1
3296,2
3539,0
3150,2
4615,0
1424,0
1216,0
5775,1
1924,0
3666,2
5356,1
314,0
3660,2
1427,2
5404,1
5473,1
5247,1
5975,1
5701,1
1105,2
5065,1
4222,0
6888,1
5770,1
684,0
5044,1
2765,2
2943,2
5366,1
2451,0
3050,2
326,2
3815,0
6646,1
2176,2
3477,2
4020,0
5958,1
4151,2
2787,2
4684,2
3151,0
1676,2
348,2
6091,1
4371,2
1626,0
5090,1
4522,2
3312,0
871,1
4695,0
3523,0
3148,2
2218,0
5871,1
2121,2
3580,2
3244,0
85,2
3771,2
1877,2
2801,2
5437,1
2640,0
5893,1
2880,2
4453,0
494,1
5087,1
2525,0
4118,0
6068,1
5525,1
1270,2
6841,1
3664,0
2895,2
3529,1
5693,1
618,2
5891,1
4112,0
3513,0
3428,0
5064,1
4078,0
1413,0
2201,2
2001,2
5138,1
869,0
2358,0
2006,2
3279,2
4766,2
356,0
1162,2
5230,1
3002,1
3231,2
4331,0
3593,2
6794,1
1890,2
579,0
3997,0
3429,0
1691,2
862,2
4661,2
5363,1
2380,0
2378,2
4852,2
5333,1
3455,1
1116,0
1541,0
3682,0
5617,1
6334,1
3499,0
4647,0
5500,1
3165,2
4602,2
4482,0
2500,0
6083,1
3936,0
6101,1
6109,1
6780,1
5551,1
5186,1
4756,0
6565,1
3276,0
3992,2
5118,1
4574,2
6605,1
2052,0
1776,0
3357,2
4210,2
2536,2
5604,1
4726,0
1592,2
1723,2
6887,1
2611,0
4680,0
490,2
5789,1
2910,0
1006,1
4558,0
2503,0
5021,1
2314,0
2554,2
1417,0
25,0
2409,2
1113,2
4552,2
1552,0
6589,1
5928,1
4863,0
433,0
4995,2
2655,2
3761,2
4667,0
6133,1
1127,1
6633,1
5111,1
4439,2
2518,0
6621,1
1102,0
3270,0
5212,1
6107,1
5106,1
4782,0
194,2
615,0
643,2
4952,0
3277,0
2776,2
5649,1
5819,1
3258,1
330,2
2207,1
4509,2
4959,0
2670,1
972,2
483,1
2420,2
2602,0
719,0
3319,0
2059,2
2803,1
2566,2
4600,0
32,2
664,0
5420,1
4352,0
1444,0
5347,1
2792,0
4515,0
6715,1
1705,2
5322,1
5204,2
5825,1
6840,1
4581,0
118,0
2277,2
2905,2
1401,0
739,0
2456,0
170,1
540,0
883,2
5163,1
5359,1
3307,1
4047,0
674,0
4421,1
2915,2
3650,2
1815,0
3431,0
2100,0
4126,0
6827,1
6448,1
2101,2
5835,1
6537,1
1548,1
6291,1
5662,1
355,2
3352,2
3617,2
4768,2
2535,2
6096,1
4908,0
2373,2
1051,1
3074,0
2321,0
4397,2
5454,1
1751,0
6714,1
1772,2
1196,0
1878,0
2668,1
2016,0
2005,2
5587,1
1482,0
328,2
648,0
2945,2
3285,0
1123,0
4526,2
2788,0
3954,0
3309,0
4461,0
3749,2
5765,1
1259,0
6453,1
5737,1
3615,0
1519,2
1378,0
5509,1
1023,0
3802,2
2918,0
3846,1
4899,2
3197,1
912,2
2857,2
4678,2
1675,0
1746,0
3026,2
4128,2
1736,2
1629,0
6038,1
430,0
1808,2
4378,2
3206,2
4294,0
4477,0
234,2
4326,0
2222,2
4198,2
6542,1
5499,1
5656,1
6143,1
1948,0
5267,1
6112,1
4245,1
6304,1
1995,2
2671,0
6591,1
2224,2
1106,2
5679,1
818,2
6689,1
3940,2
4696,0
5006,1
1697,0
3411,1
136,2
1642,0
6171,1
5152,1
6104,1
1180,0
4317,0
888,2
2987,2
3558,0
2437,2
6401,1
3871,2
817,2
1111,0
4301,0
2341,0
3167,0
5078,1
4679,2
4518,0
3065,0
1264,1
990,1
1464,1
1739,2
4953,2
3328,2
353,0
5251,1
3306,0
6092,1
1489,0
4628,0
4614,2
3130,2
1228,2
4098,2
3336,0
3608,1
6519,1
3599,0
6442,1
52,0
5382,1
6259,1
4824,0
3085,0
159,0
6505,1
1587,2
1589,1
1479,0
4314,2
3145,0
1469,2
4094,1
3094,2
5269,1
4993,0
2078,0
6745,1
5844,1
6789,1
3482,0
2828,2
436,0
3857,2
2960,2
4588,0
1588,0
2780,1
5102,1
1590,0
6558,1
973,0
1238,0
2951,2
2342,0
6082,1
6860,1
4420,0
5880,1
2231,2
3381,2
1497,0
449,2
2369,0
3607,2
4271,0
2422,2
6517,1
3891,2
3995,0
1551,0
6106,1
1146,2
4508,0
2092,2
1313,0
2015,0
187,2
5979,1
6460,1
1381,0
4195,2
413,0
4217,0
941,0
801,2
6451,1
2750,0
4739,0
4529,2
256,2
4746,0
6757,1
3199,0
2235,2
647,2
1767,2
6011,1
5736,1
4915,0
3984,2
4231,0
24,2
1088,2
5477,1
2694,2
3528,0
112,1
2841,2
2311,2
5159,1
6543,1
56,1
1309,0
695,0
5014,1
1227,2
1999,0
276,2
5272,1
3887,2
1833,0
5459,1
682,0
5227,1
4982,2
3832,0
1137,0
2767,0
4608,0
4333,2
4017,0
1036,0
4055,1
5549,1
1346,2
4967,0
4762,1
2784,2
4335,2
2384,0
2988,2
115,0
6806,1
6854,1
3119,2
5407,1
3497,0
6229,1
2819,1
4700,0
5735,1
6237,1
5664,1
81,1
3021,0
1972,1
1714,2
4417,0
5597,1
6673,1
4442,0
1946,0
4241,2
3948,2
4830,0
1610,2
6677,1
1251,0
6462,1
3070,2
4192,2
6730,1
6779,1
5309,1
4006,0
3375,0
665,1
2194,2
4502,0
5858,1
1017,2
557,1
4535,0
4290,0
1207,2
4463,1
4032,2
1510,0
3563,2
4480,1
3211,2
4691,0
4693,2
266,0
3605,0
1140,0
3162,1
2111,2
3933,2
1909,2
6436,1
5874,1
656,0
5888,1
4865,2
4410,0
998,2
6639,1
2834,2
2809,2
1784,0
1237,0
6882,1
6771,1
4649,0
4577,2
5607,1
6800,1
2186,2
2913,2
1134,0
908,2
4536,0
1303,0
6424,1
1627,0
6157,1
1522,2
835,0
358,2
138,0
299,2
1556,2
1003,0
382,0
5814,1
3745,0
761,2
4085,2
4998,2
3945,0
4125,2
3916,0
6672,1
4733,0
1402,2
3880,2
5912,1
2721,2
1932,0
5838,1
6190,1
6224,1
5686,1
5484,1
3055,0
5882,1
3783,2
5143,1
2685,2
3689,2
58,2
76,2
796,0
2416,2
6533,1
5035,1
785,2
4685,0
6706,1
3158,0
3106,0
3985,0
2217,2
5851,1
5672,1
4970,0
6450,1
4262,2
5314,1
910,0
2172,2
1850,0
2309,0
6444,1
1257,2
2495,0
5192,1
4412,0
3501,0
1178,0
5184,1
5632,1
442,2
5278,1
1399,0
2973,2
5876,1
4050,2
5758,1
6561,1
3459,0
1054,2
3578,1
3275,2
6576,1
5388,1
1415,0
2372,1
4866,0
3973,2
3859,0
3734,0
6103,1
4829,2
6313,1
1502,2
5544,1
1450,2
6330,1
2011,2
5219,1
3515,2
5241,1
4704,0
6608,1
3821,1
3264,2
5552,1
5603,1
4334,0
4568,2
6,2
2980,2
2487,0
3361,0
678,2
1943,0
6527,1
6336,1
5822,1
5286,1
4519,2
2607,0
6273,1
5918,1
6332,1
3907,2
1064,0
2894,2
4368,0
4505,2
2242,2
1474,2
6258,1
1889,2
3435,2
4269,1
1053,2
2021,1
5419,1
4905,0
5857,1
2658,0
2467,2
3684,2
1130,2
1461,1
4139,0
6232,1
3365,2
6843,1
5817,1
3350,2
2968,0
222,0
6379,1
48,2
573,2
1236,2
5239,1
3033,2
6675,1
3382,2
6760,1
2282,2
4663,2
267,2
1104,2
2305,0
5418,1
6649,1
1935,0
386,2
1701,0
1628,2
3585,0
5364,1
2714,2
6580,1
6508,1
6021,1
1563,0
3622,2
6351,1
2760,2
3189,2
4416,0
209,0
909,2
1289,2
5200,1
1866,2
1842,0
2497,2
5639,1
104,0
958,0
1793,2
2088,2
2702,0
5663,1
331,0
4252,0
6366,1
5378,1
2459,2
1774,1
4839,2
4270,0
6239,1
2686,0
5590,1
3837,0
4710,0
2897,2
5030,1
1710,2
5260,1
2478,2
4902,0
1366,2
173,0
858,2
5060,1
5071,1
3524,2
3321,0
3872,2
6430,1
4305,0
3829,0
1952,2
3311,2
2492,2
6208,1
5462,1
2036,2
5398,1
6156,1
5050,1
3403,0
18,2
3691,0
5195,1
0,2
3628,2
5452,1
2174,2
1356,0
5907,1
5954,1
2826,1
4144,0
396,0
5176,1
3112,2
182,0
5379,1
5447,1
1812,0
5303,1
5627,1
4997,1
816,2
1572,2
4769,2
1800,2
2280,2
2429,0
5982,1
4603,2
6189,1
4220,0
5942,1
5705,1
1830,2
601,0
5708,1
4818,2
4940,2
554,0
1159,0
1213,2
880,0
1325,0
4221,2
997,0
700,0
2700,0
4934,0
1847,0
6743,1
2796,0
1455,2
5763,1
3941,0
3826,2
866,0
5265,1
1644,2
2140,2
4656,2
3520,0
4322,2
5559,1
1490,0
4405,0
4560,2
729,2
5514,1
779,1
2620,2
1936,2
6421,1
5936,1
3333,0
1110,2
3655,2
5593,1
6153,1
2998,0
2394,2
1185,0
2007,0
193,2
1515,0
6692,1
578,0
2123,1
1429,0
771,2
2587,0
2395,2
6823,1
1846,1
131,2
178,0
3740,0
6148,1
1811,2
4409,2
2580,0
5067,1
4564,2
2652,1
6536,1
2073,2
658,2
1896,0
5061,1
2606,0
2221,2
3659,2
6513,1
2379,2
1447,1
5641,1
342,2
3372,0
5831,1
6067,1
2527,0
727,1
5422,1
976,1
3855,0
4781,1
1928,0
3516,0
6622,1
4487,0
6707,1
3755,0
6611,1
1299,2
4794,0
6322,1
660,0
1790,0
1492,2
4626,0
493,0
3647,2
5636,1
5517,1
2315,2
6393,1
6338,1
5834,1
1085,2
6494,1
4088,0
694,2
1278,1
3198,2
5623,1
1621,0
3918,2
3708,0
2561,0
4812,1
6251,1
67,0
1731,2
4019,0
2269,2
4847,0
6255,1
5425,1
820,2
1226,0
1677,0
5755,1
2867,0
3447,2
6088,1
2367,2
4053,0
4587,2
2512,0
5841,1
2723,1
6136,1
5862,1
5086,1
1143,2
397,2
6343,1
5970,1
786,2
5902,1
4601,2
1398,2
1659,0
6357,1
5507,1
3134,2
3789,0
3398,0
2220,0
979,0
2331,2
3784,2
1298,1
6040,1
4537,0
5119,1
3693,0
82,2
1967,0
4516,2
5385,1
4618,2
5421,1
5162,1
2903,0
423,0
5962,1
1904,1
6243,1
1530,2
3917,2
4882,0
1565,2
5153,1
3618,0
2749,2
839,2
500,0
4213,0
141,0
5688,1
2605,1
5669,1
1377,2
3674,2
5351,1
6752,1
2266,1
3322,2
6078,1
3808,2
1138,0
2257,0
6008,1
844,2
1787,0
3938,2
6333,1
550,2
5457,1
459,0
2019,0
4576,2
6292,1
948,2
3700,2
1336,0
6712,1
532,0
3262,0
4563,0
1829,1
4725,2
6076,1
5481,1
4466,0
1602,1
2238,2
639,2
6650,1
3830,2
967,2
5815,1
123,2
1683,0
2248,2
6681,1
6152,1
1070,0
155,0
2295,1
4375,0
5746,1
1089,0
4513,2
2319,0
2940,2
5820,1
288,2
930,0
5201,1
6461,1
2909,2
4418,2
5346,1
2884,0
4921,2
3733,0
6315,1
3247,2
6250,1
3000,1
5105,1
1337,2
6791,1
942,2
2354,0
5471,1
5943,1
6415,1
1698,2
6476,1
5610,1
6849,1
4645,2
3831,2
4856,2
6270,1
985,2
1821,1
5093,1
587,0
6570,1
981,2
4668,0
3799,2
4765,0
6881,1
6845,1
4937,2
4653,2
1473,0
6394,1
6587,1
4011,1
5768,1
2258,1
5464,1
1457,0
3557,0
1395,2
264,2
3548,0
3547,2
2748,0
4287,0
2692,2
6282,1
4936,1
5521,1
929,1
6161,1
3864,0
6080,1
2400,0
2178,0
6072,1
3908,1
3866,1
3711,2
246,0
1594,2
1758,0
6697,1
4955,2
923,0
4506,2
5146,1
268,0
669,0
3604,2
4582,2
1910,0
5595,1
5446,1
1152,0
6320,1
3958,2
5654,1
6626,1
5169,1
2696,0
2591,2
5821,1
1781,0
3013,1
2307,0
4102,2
3690,0
687,1
612,2
3200,0
2267,2
6603,1
1898,0
4342,0
258,0
2924,1
2822,2
3339,2
3525,0
2285,0
484,0
2211,2
4250,2
2555,1
7,2
3657,2
5832,1
2426,2
1814,2
2274,2
1011,0
4650,0
1067,0
1991,2
3970,0
4885,2
3867,2
6139,1
3048,0
781,2
6688,1
1749,0
2791,2
1091,2
4742,0
5860,1
5584,1
2608,2
5646,1
2290,2
1727,2
610,0
343,0
5369,1
3750,0
3215,2
97,0
4310,2
1537,2
3588,0
3648,0
5478,1
1517,1
6055,1
3669,2
2090,0
572,2
6256,1
5715,1
3062,2
4350,2
6225,1
5189,1
4597,0
370,1
1938,2
4860,2
5940,1
3670,0
3652,0
2361,2
4274,0
6203,1
3737,0
4224,2
4734,0
4764,1
1171,0
4472,2
1422,2
6175,1
6056,1
4511,0
874,2
2297,0
2643,0
5963,1
840,0
581,2
204,0
1641,2
2014,2
3253,0
4236,0
905,2
631,2
5374,1
4407,0
1974,0
162,0
5210,1
6183,1
4369,0
875,0
1431,0
5796,1
4366,0
2856,0
1861,2
2659,0
3384,0
6319,1
4545,2
3331,2
5633,1
6411,1
4789,2
2096,2
2003,2
546,0
1449,2
5620,1
2610,2
1900,0
5424,1
2757,2
1885,0
6659,1
2097,0
5984,1
6182,1
836,2
3471,0
5475,1
2171,2
5914,1
5859,1
398,0
2010,0
6616,1
1283,2
5028,1
1836,1
1019,1
1326,0
4251,2
475,0
2810,2
5164,1
1651,1
6389,1
6784,1
2528,2
1206,2
5292,1
5594,1
867,2
2974,2
541,0
1132,0
6676,1
3390,2
4945,2
2962,0
4155,2
3259,2
4462,2
6803,1
2583,0
2813,0
5338,1
5964,1
3586,2
6300,1
5856,1
2630,0
5513,1
4376,0
1080,2
2085,2
2452,2
2023,1
5285,1
226,0
1013,2
1929,0
4844,0
1404,0
2179,0
697,0
1124,2
3895,2
1778,2
4381,0
2634,0
3489,2
1037,0
2256,0
6703,1
6810,1
313,0
2649,0
2281,2
4927,0
2547,0
2159,0
3137,0
5722,1
3967,2
1428,2
5246,1
2520,0
5813,1
5082,1
448,2
4348,0
1284,2
3727,0
361,0
5546,1
6227,1
2460,2
22,2
2066,0
1653,0
702,2
4979,2
2743,2
1376,2
6449,1
2468,1
3754,0
2325,2
460,2
4183,2
4082,2
1486,1
3678,2
282,0
4308,2
3537,2
5141,1
2581,2
1368,2
6206,1
5129,1
597,0
4351,0
6553,1
6839,1
6485,1
4479,0
3468,2
6199,1
2990,2
6122,1
2544,2
5110,1
5037,1
4066,0
3988,0
6655,1
685,2
4379,0
3243,2
5326,1
4083,2
2837,2
3697,2
4040,2
2230,0
5022,1
2320,2
521,0
522,2
5375,1
5540,1
5537,1
5190,1
780,0
5384,1
4655,2
651,0
5128,1
2196,2
369,1
4504,2
4214,2
377,1
4827,0
2216,2
6141,1
1613,2
6176,1
3632,2
962,2
6195,1
6457,1
5242,1
359,2
3839,2
4596,0
1246,2
4791,1
3694,2
5812,1
2567,2
3423,2
2037,2
772,2
6326,1
3562,0
6514,1
6290,1
1674,0
365,2
4510,1
4446,1
4327,0
147,2
6046,1
3088,2
5910,1
407,2
6355,1
3456,2
4182,2
3576,2
3271,0
1031,0
4498,2
855,2
3926,0
78,0
2247,0
5091,1
6284,1
6329,1
6563,1
788,2
2279,0
4095,2
3897,2
4475,0
5718,1
3631,2
6781,1
424,2
392,2
6733,1
6497,1
4200,2
2672,2
6568,1
4643,0
3493,2
1459,0
6354,1
4556,0
3835,2
5327,1
6554,1
5341,1
2355,1
2442,0
6678,1
464,2
163,2
5956,1
6163,1
6600,1
6830,1
2009,2
3084,0
900,2
6301,1
2293,2
3716,2
5712,1
1764,2
1549,0
3029,0
5194,1
2044,0
767,2
1508,0
6694,1
4219,0
5721,1
6433,1
3292,2
819,2
1403,0
1382,0
2148,0
1638,2
6623,1
399,2
882,2
3565,0
6149,1
1179,0
4244,0
4687,0
2130,0
456,0
1950,0
689,1
5441,1
1953,1
2710,0
5103,1
4349,0
5972,1
1884,0
5179,1
6081,1
2494,0
3036,2
3603,2
845,0
542,2
3724,0
4187,0
3679,0
5497,1
5634,1
4717,2
2964,0
2529,0
1048,1
1960,2
2530,1
5062,1
237,2
1133,0
5697,1
4259,2
5080,1
5167,1
5306,1
2978,2
5451,1
5289,1
4639,2
3919,0
3138,2
6140,1
4073,0
5913,1
3229,0
1826,0
593,0
2725,1
4137,2
560,2
6835,1
243,0
4437,2
4761,2
405,2
1442,2
261,0
4605,0
6277,1
1689,2
1725,0
2496,2
4619,2
340,2
4793,2
1601,2
3725,0
6822,1
2785,0
1523,2
5952,1
6108,1
6377,1
1766,0
6796,1
4037,1
6465,1
6877,1
6435,1
363,2
6814,1
6192,1
4443,0
5487,1
6356,1
2562,2
4803,2
6836,1
3083,0
6340,1
2102,2
632,2
2493,1
2665,0
4986,0
4406,0
5318,1
4878,0
2334,2
5275,1
3619,2
3883,2
4666,2
4211,0
1494,2
2401,2
3874,2
1232,0
2661,0
2817,0
6588,1
6100,1
4153,0
5125,1
3061,2
5884,1
6815,1
1735,0
2823,0
6775,1
4713,2
2475,2
2564,0
5797,1
6341,1
707,0
3046,0
5875,1
6529,1
72,0
4448,0
6438,1
1190,0
2601,0
1125,0
1241,2
6166,1
5683,1
3351,2
4008,0
1577,2
3906,2
3729,0
4358,2
1343,2
6870,1
440,2
1100,2
2637,0
6244,1
649,2
1546,0
5233,1
5253,1
2852,0
3503,2
4956,0
630,2
1249,0
4701,0
482,2
1584,2
1462,2
3040,0
5294,1
3273,0
3683,0
4145,0
4845,2
3225,2
1072,0
2631,0
1660,1
2425,1
5803,1
5228,1
3097,2
3976,0
6160,1
6535,1
4913,0
5458,1
1408,0
1845,2
1798,2
3957,0
1475,1
35,2
444,1
2359,0
3654,0
3179,1
1286,2
5099,1
4445,0
3416,2
2137,0
2636,1
4016,0
6654,1
1681,0
5008,1
1692,0
5076,1
5483,1
3635,2
372,2
5288,1
6521,1
140,2
4419,0
6412,1
5661,1
714,2
3188,2
6077,1
4431,0
4813,0
406,2
20,2
1004,0
2411,2
2545,0
2390,2
5531,1
42,0
2830,0
3371,0
3022,2
3364,2
4399,2
11,2
1177,1
1947,0
2501,0
2863,0
3865,0
1026,0
3848,2
2989,0
961,0
2889,0
3015,0
3338,2
6001,1
735,0
4400,2
1440,0
2875,2
3986,2
916,2
6275,1
4089,0
6358,1
5380,1
2772,0
1624,0
5460,1
821,0
1367,2
3712,2
6185,1
850,2
1000,0
6746,1
4114,0
1637,2
1667,1
4589,0
3173,0
5238,1
1347,0
5377,1
3230,1
4838,0
5343,1
4783,2
3232,1
5635,1
703,2
5488,1
3291,0
3673,2
2408,0
1327,0
6408,1
5647,1
4440,2
5752,1
986,0
5469,1
6245,1
5921,1
5703,1
4049,0
3485,2
2474,0
3873,2
1198,0
4181,0
1518,2
5710,1
1799,0
1014,2
128,0
1364,0
5295,1
4470,2
891,0
2793,1
5780,1
4403,2
6557,1
5905,1
3249,2
1208,0
3868,0
6179,1
4065,1
5889,1
1239,0
2289,0
2740,2
275,2
4585,0
1035,2
1229,0
1008,1
3828,2
2532,2
4293,0
1058,0
5107,1
281,0
1043,2
1316,2
968,2
2381,2
5494,1
1939,2
4942,0
1274,2
619,2
5002,1
1742,0
1390,0
5608,1
1579,1
1655,0
3568,1
2352,2
2212,0
6848,1
3178,2
3192,2
1307,0
575,0
2360,2
1280,2
5602,1
5700,1
1993,0
2639,0
269,1
629,2
6868,1
3081,0
3466,2
6009,1
4396,2
4023,0
6523,1
2046,2
4356,0
5428,1
2113,2
27,2
2040,1
3928,0
6222,1
3216,0
3814,2
129,0
5101,1
6761,1
4599,2
13,2
6388,1
4476,0
1525,0
2365,0
4648,0
3052,2
4005,2
2340,0
374,0
5020,1
6247,1
939,0
6592,1
4573,0
2147,0
3591,2
5444,1
6249,1
5788,1
3623,0
529,0
3714,2
4732,0
1269,2
4281,0
1394,0
4850,1
4009,2
4390,0
1797,2
2979,0
1441,2
5149,1
6711,1
3811,1
1273,2
4703,0
1712,2
955,2
5096,1
5503,1
6086,1
6321,1
403,0
2071,2
6541,1
1977,2
158,0
3888,0
902,2
352,2
4540,0
4130,2
754,0
2971,2
6855,1
2920,0
311,2
4644,0
661,0
1989,0
3665,0
306,2
2335,0
4790,2
2356,0
3702,2
3804,0
1927,0
6035,1
3427,2
749,0
3638,2
5011,1
1266,0
6886,1
6084,1
3595,0
2134,2
4109,0
4969,2
4904,2
514,2
6154,1
409,1
5397,1
6861,1
6811,1
5966,1
207,2
458,0
2054,0
2430,0
250,0
5879,1
1107,1
5951,1
1713,1
3911,0
715,0
552,0
1439,0
2270,0
3144,1
6574,1
1925,2
634,0
316,0
6464,1
427,0
5108,1
105,0
3041,2
4238,2
2169,1
1709,0
89,2
2241,0
3174,2
5257,1
1949,0
4044,2
2848,2
1,0
4337,0
935,0
5894,1
2720,2
591,1
5166,1
2936,0
2448,0
1576,2
5748,1
213,2
778,0
3496,0
5403,1
2043,0
6241,1
1567,0
165,2
4702,1
3566,2
5271,1
6613,1
2013,2
273,0
3860,2
4167,2
5495,1
3788,2
394,2
583,0
6867,1
6382,1
6665,1
520,2
1763,2
1875,0
3965,0
3344,0
2253,0
3224,0
526,1
2946,1
4473,1
3899,0
692,2
6506,1
4444,0
3633,0
1050,2
590,2
519,2
3380,2
3676,2
5676,1
1607,2
3610,2
6571,1
1809,2
791,0
792,2
5665,1
1855,0
1980,0
3233,0
3598,0
933,2
3963,2
5117,1
6392,1
4179,0
4026,2
6094,1
4116,2
988,2
5310,1
3453,0
6286,1
3778,2
5776,1
3093,2
3155,0
5069,1
3201,2
5556,1
1098,2
5720,1
2844,0
886,0
6797,1
5339,1
515,2
6352,1
4833,0
1453,0
3553,2
3609,0
4665,0
2506,2
2994,2
3999,0
6525,1
906,0
28,0
2507,0
2428,0
5043,1
762,2
3747,2
4811,2
284,0
686,2
6362,1
2353,2
6560,1
5916,1
21,0
2752,0
885,2
917,1
1040,2
6776,1
1265,2
4579,2
5960,1
277,2
5084,1
2084,0
1245,0
2382,2
571,2
1435,2
3902,2
5089,1
1247,0
4681,0
3526,0
2514,0
1007,0
4770,0
4543,2
5185,1
5965,1
2064,1
5438,1
1690,0
5944,1
1985,2
294,0
1547,2
2012,2
588,1
3329,2
2403,0
2129,2
3998,2
6026,1
3741,2
3508,2
2719,0
4521,0
5150,1
6269,1
6276,1
556,2
4795,0
2469,2
3738,2
4286,2
5671,1
1716,2
2604,2
5682,1
1704,2
2139,2
3239,1
2383,1
4311,1
1285,0
5863,1
6150,1
3930,0
5209,1
1591,0
6097,1
2162,0
2396,2
317,2
6178,1
3111,0
5501,1
6687,1
4036,0
795,2
3020,2
1711,0
3387,1
36,0
4549,0
913,2
3972,0
4133,0
974,0
983,0
6440,1
1418,2
1560,0
4135,0
5574,1
4265,2
1355,2
6443,1
6648,1
987,2
2682,0
5047,1
1640,2
1290,2
3681,0
1380,2
1933,2
4675,0
5792,1
3160,2
2030,0
892,0
4876,0
4069,0
4255,0
2,0
2109,0
849,2
2737,2
2466,2
1914,0
1596,0
1913,1
5139,1
6482,1
2736,2
726,0
53,2
1796,2
3845,0
2553,1
2800,1
936,0
5680,1
824,2
4321,2
3401,0
1389,0
3564,0
884,0
4867,0
1868,2
5181,1
10,2
3415,2
1463,0
806,2
6666,1
5414,1
4068,2
2108,0
5923,1
6829,1
2234,2
963,2
4494,0
2632,0
704,0
431,2
4388,0
145,1
2033,0
5777,1
1165,2
3500,2
2050,1
3760,0
2624,2
4484,2
4435,2
5485,1
6060,1
4361,1
2424,0
1262,2
1771,2
3511,0
271,0
4792,2
6858,1
244,0
6680,1
4572,0
2032,0
6344,1
5670,1
813,0
3810,2
5591,1
1804,2
5848,1
4346,0
2461,2
545,2
3241,0
738,0
310,2
3521,0
1131,2
6782,1
4111,0
2769,0
920,2
3587,0
3959,0
38,2
4459,2
4278,0
2983,0
5290,1
6872,1
5217,1
2667,0
3223,1
1182,0
614,0
6762,1
1466,0
4497,2
3042,0
934,0
2419,0
5085,1
6211,1
5579,1
4822,2
826,0
1521,2
2930,2
4232,2
628,0
4430,2
3853,0
390,0
4345,1
6713,1
3990,2
400,1
4806,0
5135,1
5562,1
3359,2
46,2
6604,1
6787,1
3642,2
3726,2
5208,1
5319,1
6684,1
2421,0
1750,0
6657,1
5642,1
4062,0
338,2
215,2
3663,0
1341,2
6595,1
3894,0
3640,2
329,2
5417,1
3004,2
6575,1
3115,0
6660,1
2322,2
4197,2
3549,0
1458,2
171,0
4203,0
5824,1
3569,0
4226,0
5158,1
5619,1
6804,1
938,2
60,2
1240,2
5136,1
5753,1
2120,0
1524,2
153,2
481,2
4460,2
3920,0
1762,2
750,0
1785,0
5852,1
4501,0
4853,0
2711,0
5564,1
4193,2
1333,2
6126,1
2854,0
186,0
1136,2
2058,2
5771,1
5766,1
148,0
4124,2
4889,2
3363,0
4788,0
2866,2
3776,0
1386,1
6503,1
5698,1
3629,0
6194,1
4797,2
3028,2
2969,0
5983,1
1708,2
2953,0
454,2
609,0
4263,0
4826,2
5836,1
2074,0
4052,2
5598,1
1622,2
4683,2
6028,1
40,0
2089,0
3924,2
2175,2
74,0
5510,1
6795,1
2657,0
3180,2
2076,2
441,2
2051,0
2541,0
1301,2
3430,2
1304,0
236,0
5738,1
2599,2
4616,2
2573,0
3280,0
3186,2
3953,0
2768,0
4831,2
4223,0
2106,0
2679,0
2761,2
4688,0
5399,1
1387,0
6459,1
6228,1
6644,1
5000,1
1279,0
6142,1
6749,1
1555,2
6223,1
3190,2
4566,0
4802,2
6454,1
4841,0
3594,2
1920,0
513,2
4177,0
1308,2
914,0
3452,2
3695,2
4242,2
3156,0
2198,0
774,1
4425,0
943,0
822,0
5005,1
4277,2
164,0
4547,0
3983,2
2538,2
6566,1
1311,0
5207,1
6257,1
5383,1
5740,1
6387,1
3300,2
3310,0
327,2
2490,0
6447,1
4408,2
832,2
3079,0
3462,1
5297,1
6029,1
54,0
4064,0
3451,0
1901,0
1481,0
4873,0
4895,0
4150,2
3335,2
4926,0
946,0
3293,2
2161,0
6717,1
5083,1
5829,1
3057,0
5490,1
768,2
6469,1
3495,2
285,0
6807,1
4524,2
6121,1
2332,2
2717,2
2079,2
3389,2
722,1
951,2
5998,1
2262,2
989,2
3212,1
1759,0
5655,1
4422,2
5479,1
1724,2
5182,1
341,2
3701,0
4243,2
688,2
3432,2
5203,1
4944,0
966,0
6498,1
6221,1
2203,0
2713,1
4757,2
5098,1
6061,1
6296,1
5280,1
3572,2
4805,2
5299,1
1990,2
4120,0
4759,2
5650,1
5298,1
6013,1
4971,2
6522,1
5034,1
3600,2
6281,1
6856,1
5677,1
385,0
6004,1
6283,1
536,0
6419,1
5032,1
4212,1
3507,2
201,0
1332,1
3502,0
2708,2
5031,1
4662,0
4021,0
1854,2
6151,1
2872,2
3030,0
1205,2
1645,0
3417,1
3476,0
2861,2
1792,0
5526,1
3797,0
3368,2
3367,0
3533,2
6036,1
5109,1
3449,0
603,2
3056,2
6266,1
126,0
3876,0
2935,2
5443,1
4451,1
3531,2
2730,0
827,2
1639,0
984,2
3281,2
6847,1
2188,2
6339,1
2443,2
362,0
2349,2
345,1
814,2
4807,2
3205,2
5719,1
6599,1
3325,2
4106,2
2116,0
1834,0
793,0
6816,1
2674,2
94,2
4225,2
3756,0
2891,0
2371,0
5704,1
6098,1
3228,2
6135,1
2853,1
6370,1
2912,0
1865,0
4612,0
1857,2
2645,2
2243,0
5373,1
2336,0
950,1
3068,2
1120,2
2597,1
2204,2
419,0
922,2
1254,2
477,2
2035,2
6335,1
5567,1
1202,2
2626,2
6627,1
1970,2
3110,0
4018,0
2151,2
3687,2
4916,2
1997,0
4033,2
6753,1
3054,2
1248,2
2192,0
2712,2
992,0
2190,0
4670,0
5142,1
3762,0
3597,2
4711,2
1318,0
1863,0
2343,2
2449,0
2136,1
1065,2
6833,1
4227,0
2621,0
77,0
2898,1
4820,2
1314,2
6007,1
872,1
3850,0
5468,1
6584,1
2965,0
3391,0
5415,1
2560,0
6744,1
2635,0
5256,1
3530,0
375,1
1908,0
4429,2
5955,1
6016,1
4027,0
1604,0
1118,2
3677,2
3490,0
6696,1
2958,0
1994,2
6828,1
5981,1
2376,0
6302,1
1342,0
320,0
1619,0
3713,0
6299,1
2060,2
2219,2
1673,0
260,2
6075,1
2039,2
4785,0
901,2
3744,2
2026,1
4234,0
1917,0
1828,2
1573,0
4415,0
4749,2
6037,1
4654,2
4208,2
4627,0
224,0
723,2
6173,1
1141,2
5529,1
5764,1
5554,1
6530,1
2762,0
846,1
4289,0
5560,1
5042,1
2551,2
5725,1
2928,1
117,2
645,0
3,0
4170,0
467,0
5,2
5342,1
919,0
2595,2
4324,2
1063,0
2590,0
242,1
6045,1
1160,2
2870,2
3735,2
6416,1
2397,0
3517,2
3421,2
2563,2
5622,1
1605,2
6640,1
2324,2
2709,0
6044,1
1312,0
3448,0
3812,0
6400,1
2362,2
1975,1
3514,2
1761,0
5401,1
2739,0
5637,1
6409,1
2472,0
4007,2
4718,0
1493,2
4206,2
2158,0
1169,2
6215,1
232,0
66,2
1603,0
3283,2
3596,2
4632,0
125,0
5350,1
1296,1
1976,2
6216,1
6168,1
2075,0
4580,2
5750,1
6499,1
3086,0
5969,1
3345,2
6146,1
5870,1
2797,0
918,0
1646,1
5122,1
5126,1
4978,0
5431,1
4621,0
364,2
3287,2
2125,0
4123,2
4569,2
525,0
4821,0
55,2
638,0
302,2
2766,2
5811,1
1276,0
4720,2
2055,1
5376,1
5145,1
4432,0
3644,0
4143,2
2878,0
4202,2
5175,1
2286,2
2261,0
5240,1
2296,0
5932,1
1753,0
5197,1
1968,0
5976,1
3117,2
2393,0
523,0
5524,1
3900,0
6414,1
4699,2
5585,1
6071,1
3122,2
4156,0
1969,0
671,2
4188,2
666,0
5961,1
1887,2
3266,0
280,2
1719,2
2947,2
4455,2
899,1
6674,1
760,0
1906,1
4042,0
3823,0
4138,2
3818,0
4300,2
5569,1
2593,0
4164,0
3031,1
5971,1
3579,0
2832,2
5449,1
3472,2
137,0
4892,0
2180,0
2128,2
3177,2
4854,0
4637,0
5115,1
6490,1
4261,0
4344,0
1331,2
2017,0
4542,2
2482,0
1358,2
1329,0
6785,1
2150,0
4530,0
2122,0
4673,2
3981,0
1252,0
3278,2
3374,2
2814,0
4719,2
1848,2
4858,0
3037,0
388,1
235,0
1077,0
1984,2
4363,0
3962,2
770,2
2165,2
4533,0
673,0
249,0
1574,0
3419,0
2081,2
1823,0
6367,1
6583,1
4544,0
5565,1
716,2
6137,1
6422,1
2048,2
5997,1
5264,1
4178,0
4809,2
2724,0
6220,1
1460,2
5989,1
1668,2
2756,0
2000,2
4571,1
4613,2
404,2
384,2
6180,1
2152,0
1633,0
6306,1
5580,1
4784,1
3925,2
5336,1
4158,0
4948,2
5898,1
5358,1
223,1
2193,0
3136,0
4469,2
1824,2
6323,1
5124,1
4972,2
797,0
2871,0
9,0
1944,2
1838,2
4804,2
255,0
5713,1
4485,2
6202,1
1581,0
2956,0
924,0
6095,1
2508,0
5024,1
5320,1
6042,1
3775,0
4835,0
4136,2
4964,0
2779,0
539,2
2745,2
6187,1
6285,1
5467,1
1145,0
5127,1
4468,0
667,2
3019,0
357,0
5063,1
2831,0
2783,0
1353,2
5131,1
470,0
2703,2
3330,0
3637,0
1396,0
3584,1
6174,1
5262,1
5645,1
3376,2
1256,0
3512,2
5651,1
5778,1
1250,0
5795,1
5348,1
6615,1
4298,2
3284,2
2933,2
4175,0
5268,1
4910,0
1852,2
6437,1
6702,1
2105,0
133,2
5236,1
5029,1
928,2
823,0
6253,1
1531,2
1214,1
504,0
4285,0
1996,1
3072,0
1958,0
1384,0
894,2
4924,2
455,0
5779,1
6375,1
3709,0
6350,1
4849,0
4748,2
4268,0
3522,1
4134,0
3602,2
6732,1
713,0
4186,2
2214,0
5301,1
2923,2
1810,2
3486,2
3141,1
1827,2
1155,0
1324,0
4312,1
510,0
1680,0
499,0
6240,1
1856,0
1388,1
5615,1
3719,2
2386,0
5541,1
3236,0
6172,1
1540,0
1217,2
2681,0
2993,2
5512,1
1191,0
5772,1
5293,1
1542,2
3301,0
3324,1
2539,2
953,1
4846,2
4330,0
732,2
6879,1
1156,0
6722,1
3294,2
2982,2
5305,1
5161,1
2156,0
1062,0
2616,2
1167,0
3222,0
3636,0
5588,1
2938,2
4491,0
3140,0
4980,2
143,0
6824,1
3577,2
4946,0
2782,0
717,0
1819,0
2502,2
4360,0
4171,2
395,2
5731,1
6656,1
4492,2
1365,2
6271,1
5999,1
595,0
6205,1
3952,2
5392,1
5917,1
4968,2
2914,0
2326,1
5644,1
3766,0
3440,2
3851,2
4132,0
6311,1
2143,2
6347,1
5073,1
1571,0
4079,0
1122,1
2786,2
2967,2
2504,2
5988,1
3465,0
675,0
2808,0
3348,2
728,2
412,1
3146,2
1516,0
5745,1
825,2
3267,2
3974,2
616,0
114,2
417,0
3069,2
1625,0
6821,1
4185,2
2896,2
6425,1
2082,0
753,0
2546,0
3969,0
3373,2
5726,1
4107,2
2444,1
4380,0
1066,0
3913,0
5287,1
5536,1
5387,1
5732,1
3498,2
2738,0
5052,1
4000,2
1568,2
2427,0
3746,0
6378,1
1687,2
851,2
3546,0
6303,1
895,2
4592,1
5878,1
335,2
2839,2
3087,2
4611,2
1348,2
1015,0
2816,2
1631,2
2489,2
3730,0
3251,0
6372,1
5877,1
5881,1
2070,0
4452,0
6724,1
5408,1
1635,2
4646,2
2479,0
2265,0
2959,2
5323,1
6504,1
3059,2
5053,1
5869,1
2141,2
5104,1
3118,0
5188,1
6496,1
4045,0
3356,0
2744,2
5092,1
3506,0
1679,0
4249,2
3147,2
2294,0
580,0
1470,0
4799,0
4070,2
5308,1
3343,1
4992,2
4583,0
3672,0
559,2
5237,1
5215,1
2849,0
512,0
4729,2
1081,2
1664,0
1012,1
1931,2
1150,2
2838,0
5949,1
116,0
740,2
6612,1
6070,1
5177,1
3675,2
5906,1
830,2
119,0
4752,0
6572,1
6518,1
6809,1
635,2
4465,2
4364,0
4142,2
991,0
876,0
4869,2
5315,1
5222,1
4,1
3051,0
5691,1
3124,2
6407,1
2660,2
2491,1
5173,1
3854,2
4933,0
4777,2
1715,0
6293,1
1148,2
3261,0
574,0
3769,2
3736,2
4146,1
853,2
1982,2
2774,2
5919,1
4929,2
5211,1
1166,1
6002,1
971,0
2701,0
4495,2
3847,2
2368,0
4115,1
4780,0
4131,2
2950,2
5625,1
524,2
2455,2
5016,1
1841,2
5986,1
537,0
2806,0
5801,1
5596,1
4341,2
3175,0
784,2
4057,2
1409,0
2537,0
154,2
3009,2
1686,0
2901,0
6820,1
4721,2
3863,1
2733,2
1895,1
5442,1
569,0
5854,1
1816,2
2065,2
127,1
3394,0
3327,1
6863,1
6102,1
2975,2
980,2
2300,2
190,0
1139,0
5088,1
699,0
6573,1
606,2
4276,2
301,2
3420,2
6629,1
1060,0
6686,1
6748,1
2565,2
6875,1
1069,2
2524,1
2205,1
1243,2
16,0
3120,0
6866,1
4642,0
4754,0
815,2
3067,0
6578,1
5600,1
959,2
6427,1
4893,2
225,0
6170,1
3354,0
5895,1
2485,0
562,2
3436,2
6373,1
6181,1
1693,2
1045,2
3446,0
4565,0
954,2
6862,1
2735,1
6754,1
4735,0
6632,1
1218,2
5254,1
5511,1
6548,1
1527,0
3987,0
6798,1
1300,2
6737,1
5699,1
160,2
4067,2
5800,1
956,2
3791,0
3234,2
2869,0
3777,0
4433,0
4973,2
6015,1
2961,2
5980,1
2200,2
98,2
6695,1
2557,2
3183,0
253,2
3923,1
4199,0
1445,0
5539,1
1648,2
4682,0
4723,2
3991,2
1696,2
3191,0
6197,1
6295,1
4499,2
1154,1
2255,0
1682,2
3170,0
2056,1
4090,0
6716,1
3108,0
4548,2
3723,2
6397,1
5423,1
2049,1
4976,2
3643,0
6793,1
623,2
6489,1
6624,1
5883,1
262,2
5730,1
3369,1
4061,1
5534,1
6294,1
6065,1
1802,0
4736,0
6873,1
2385,2
5759,1
1959,0
2976,0
488,0
1843,2
1734,2
2911,0
3219,2
146,2
5630,1
1986,2
1369,1
6546,1
6051,1
2811,2
659,2
1794,0
2511,0
3397,2
4282,0
1147,0
3272,0
608,2
6287,1
3582,1
1930,2
197,2
2931,2
2327,2
4389,0
766,0
4496,2
4218,2
3255,2
202,1
3510,2
4931,0
6390,1
5535,1
1733,0
5791,1
2777,2
1707,0
5172,1
5249,1
5757,1
3474,0
6528,1
5855,1
854,2
5685,1
6363,1
4737,2
4097,2
2160,0
698,2
6817,1
2999,0
3696,0
1636,0
3457,2
3581,2
1291,2
4659,1
6585,1
5616,1
1853,1
5232,1
3763,0
3304,0
6772,1
5727,1
3743,0
3445,2
1998,2
663,2
4779,2
5353,1
3748,2
4413,0
4744,0
5530,1
5575,1
709,2
1282,0
5864,1
5068,1
2675,0
4029,0
1306,1
5496,1
5504,1
2237,0
3302,2
5592,1
2038,2
1529,2
1663,0
5450,1
6801,1
6826,1
3627,0
5739,1
5147,1
4891,0
2693,0
3060,2
1597,2
6700,1
2729,1
2625,2
5915,1
3157,0
3314,2
1722,0
5279,1
6668,1
1059,2
4636,2
3242,0
1678,0
6374,1
6628,1
1757,2
6019,1
4191,2
5116,1
563,0
2790,2
863,0
1484,2
5977,1
5134,1
206,0
4488,2
870,0
4493,0
502,0
1028,0
3840,0
2690,0
5581,1
5056,1
1570,0
2773,0
5991,1
2731,0
6242,1
804,0
5847,1
3645,2
2454,0
4598,1
3104,2
4875,1
5959,1
200,0
6278,1
3099,0
6184,1
2278,2
3561,0
5892,1
4474,0
6432,1
4514,2
5794,1
391,0
6736,1
5618,1
5258,1
1495,1
2695,0
2027,0
5248,1
5463,1
2568,2
64,0
3884,0
2062,0
5276,1
492,0
379,2
6331,1
4859,2
6360,1
3993,2
4887,1
1076,2
878,2
337,2
6439,1
1016,0
1275,0
3798,2
4551,0
3342,2
4911,0
6413,1
995,0
1981,2
4297,0
161,0
5675,1
6545,1
4798,0
1500,0
3843,0
5225,1
2613,2
3461,2
1021,1
3073,1
3943,0
1585,2
1955,0
3152,2
6349,1
34,2
4014,0
775,0
2556,2
1478,0
5486,1
6235,1
1363,2
2612,2
2824,0
2041,2
241,2
2061,2
2363,0
600,2
2435,2
5393,1
6310,1
2888,1
6164,1
646,2
3890,2
3556,0
3202,2
1528,0
1267,0
1899,0
4658,2
3005,1
2734,2
189,2
1806,0
975,2
2747,2
2047,0
2558,0
1082,0
474,0
2904,0
4843,2
6396,1
4117,1
3385,0
4555,2
1184,0
6420,1
5051,1
5311,1
2433,0
5611,1
2391,2
769,1
1685,2
130,1
2919,0
3171,2
3444,2
6231,1
5578,1
4426,2
5334,1
466,2
6265,1
5734,1
3092,2
3772,2
5191,1
5226,1
5390,1
860,0
